czas,dh/dt,h(t)_num,h(t)_ana,blad h,blad_wgledny_h,h(0),alfa,Dt
0,"-3,18",3,3,0,0,3,"1,06","0,001775"
"0,001775","-3,17401683","2,9943555","2,994360807","0,000005306734646","0,000001772242889",,,
"0,00355","-3,168044917","2,98872162","2,988732214","0,00001059350944","0,000003544482637",,,
"0,005325","-3,162084241","2,98309834","2,983114201","0,00001586038068","0,000005316719244",,,
"0,0071","-3,156134779","2,977485641","2,977506748","0,00002110740453","0,00000708895271",,,
"0,008875","-3,150196512","2,971883502","2,971909836","0,00002633463702","0,000008861183035",,,
"0,01065","-3,144269417","2,966291903","2,966323445","0,00003154213404","0,00001063341022",,,
"0,012425","-3,138353474","2,960710825","2,960747555","0,00003672995131","0,00001240563426",,,
"0,0142","-3,132448662","2,955140247","2,955182145","0,00004189814445","0,00001417785517",,,
"0,015975","-3,12655496","2,949580151","2,949627198","0,00004704676891","0,00001595007293",,,
"0,01775","-3,120672347","2,944030516","2,944082692","0,00005217588003","0,00001772228755",,,
"0,019525","-3,114800802","2,938491322","2,938548608","0,00005728553299","0,00001949449903",,,
"0,0213","-3,108940304","2,932962551","2,933024927","0,00006237578283","0,00002126670737",,,
"0,023075","-3,103090833","2,927444182","2,927511629","0,00006744668446","0,00002303891257",,,
"0,02485","-3,097252367","2,921936196","2,922008694","0,00007249829265","0,00002481111463",,,
"0,026625","-3,091424887","2,916438573","2,916516103","0,00007753066204","0,00002658331355",,,
"0,0284","-3,085608371","2,910951294","2,911033837","0,00008254384711","0,00002835550932",,,
"0,030175","-3,079802799","2,905474339","2,905561877","0,00008753790224","0,00003012770196",,,
"0,03195","-3,07400815","2,900007689","2,900100202","0,00009251288163","0,00003189989145",,,
"0,033725","-3,068224404","2,894551324","2,894648793","0,00009746883939","0,00003367207781",,,
"0,0355","-3,062451539","2,889105226","2,889207632","0,0001024058294","0,00003544426102",,,
"0,037275","-3,056689537","2,883669374","2,883776698","0,0001073239056","0,00003721644109",,,
"0,03905","-3,050938376","2,878243751","2,878355974","0,0001122231216","0,00003898861803",,,
"0,040825","-3,045198035","2,872828335","2,872945438","0,0001171035309","0,00004076079182",,,
"0,0426","-3,039468495","2,867423108","2,867545074","0,000121965187","0,00004253296247",,,
"0,044375","-3,033749735","2,862028052","2,86215486","0,0001268081431","0,00004430512998",,,
"0,04615","-3,028041735","2,856643146","2,856774778","0,0001316324524","0,00004607729435",,,
"0,047925","-3,022344474","2,851268372","2,85140481","0,0001364381678","0,00004784945558",,,
"0,0497","-3,016657933","2,845903711","2,846044936","0,0001412253423","0,00004962161366",,,
"0,051475","-3,010982091","2,840549143","2,840695137","0,0001459940286","0,00005139376861",,,
"0,05325","-3,005316928","2,835204649","2,835355394","0,0001507442792","0,00005316592042",,,
"0,055025","-2,999662425","2,829870212","2,830025688","0,0001554761468","0,00005493806908",,,
"0,0568","-2,99401856","2,824545811","2,824706001","0,0001601896835","0,00005671021461",,,
"0,058575","-2,988385314","2,819231428","2,819396313","0,0001648849417","0,00005848235699",,,
"0,06035","-2,982762667","2,813927044","2,814096606","0,0001695619734","0,00006025449624",,,
"0,062125","-2,977150599","2,808632641","2,808806861","0,0001742208305","0,00006202663234",,,
"0,0639","-2,97154909","2,803348198","2,80352706","0,0001788615649","0,0000637987653",,,
"0,065675","-2,96595812","2,798073699","2,798257183","0,0001834842283","0,00006557089513",,,
"0,06745","-2,96037767","2,792809123","2,792997212","0,0001880888721","0,00006734302181",,,
"0,069225","-2,95480772","2,787554453","2,787747128","0,0001926755479","0,00006911514535",,,
"0,071","-2,949248249","2,782309669","2,782506913","0,000197244307","0,00007088726575",,,
"0,072775","-2,943699238","2,777074753","2,777276548","0,0002017952004","0,00007265938301",,,
"0,07455","-2,938160668","2,771849687","2,772056015","0,0002063282793","0,00007443149713",,,
"0,076325","-2,932632519","2,766634452","2,766845295","0,0002108435946","0,0000762036081",,,
"0,0781","-2,927114771","2,761429029","2,76164437","0,0002153411969","0,00007797571594",,,
"0,079875","-2,921607404","2,7562334","2,756453222","0,0002198211371","0,00007974782064",,,
"0,08165","-2,9161104","2,751047547","2,751271831","0,0002242834656","0,00008151992219",,,
"0,083425","-2,910623738","2,745871451","2,74610018","0,0002287282327","0,00008329202061",,,
"0,0852","-2,9051474","2,740705094","2,74093825","0,0002331554889","0,00008506411588",,,
"0,086975","-2,899681365","2,735548458","2,735786023","0,0002375652842","0,00008683620802",,,
"0,08875","-2,894225614","2,730401523","2,730643481","0,0002419576686","0,00008860829701",,,
"0,090525","-2,888780129","2,725264273","2,725510605","0,000246332692","0,00009038038287",,,
"0,0923","-2,883344889","2,720136688","2,720387378","0,0002506904042","0,00009215246558",,,
"0,094075","-2,877919876","2,715018751","2,715273782","0,0002550308549","0,00009392454515",,,
"0,09585","-2,87250507","2,709910443","2,710169797","0,0002593540935","0,00009569662158",,,
"0,097625","-2,867100451","2,704811746","2,705075407","0,0002636601694","0,00009746869487",,,
"0,0994","-2,861706002","2,699722643","2,699990592","0,0002679491319","0,00009924076502",,,
"0,101175","-2,856321702","2,694643115","2,694915336","0,0002722210302","0,000101012832",,,
"0,10295","-2,850947533","2,689573144","2,68984962","0,0002764759132","0,0001027848959",,,
"0,104725","-2,845583475","2,684512712","2,684793426","0,0002807138298","0,0001045569566",,,
"0,1065","-2,84022951","2,679461801","2,679746736","0,0002849348288","0,0001063290142",,,
"0,108275","-2,834885618","2,674420394","2,674709533","0,0002891389589","0,0001081010687",,,
"0,11005","-2,82955178","2,669388472","2,669681798","0,0002933262685","0,00010987312",,,
"0,111825","-2,824227979","2,664366018","2,664663514","0,0002974968061","0,0001116451681",,,
"0,1136","-2,818914194","2,659353013","2,659654664","0,0003016506199","0,0001134172132",,,
"0,115375","-2,813610407","2,65434944","2,654655228","0,0003057877582","0,0001151892551",,,
"0,11715","-2,808316599","2,649355282","2,64966519","0,0003099082688","0,0001169612938",,,
"0,118925","-2,803032751","2,64437052","2,644684532","0,0003140121997","0,0001187333294",,,
"0,1207","-2,797758845","2,639395137","2,639713236","0,0003180995988","0,0001205053619",,,
"0,122475","-2,792494862","2,634429115","2,634751285","0,0003221705136","0,0001222773912",,,
"0,12425","-2,787240783","2,629472436","2,629798661","0,0003262249918","0,0001240494174",,,
"0,126025","-2,781996589","2,624525084","2,624855347","0,0003302630807","0,0001258214404",,,
"0,1278","-2,776762263","2,61958704","2,619921325","0,0003342848276","0,0001275934603",,,
"0,129575","-2,771537784","2,614658287","2,614996577","0,0003382902798","0,0001293654771",,,
"0,13135","-2,766323136","2,609738808","2,610081087","0,0003422794843","0,0001311374907",,,
"0,133125","-2,761118299","2,604828584","2,605174836","0,000346252488","0,0001329095012",,,
"0,1349","-2,755923255","2,599927599","2,600277808","0,0003502093378","0,0001346815085",,,
"0,136675","-2,750737985","2,595035835","2,595389985","0,0003541500804","0,0001364535127",,,
"0,13845","-2,745562472","2,590153275","2,59051135","0,0003580747623","0,0001382255138",,,
"0,140225","-2,740396696","2,585279902","2,585641885","0,0003619834301","0,0001399975117",,,
"0,142","-2,73524064","2,580415698","2,580781574","0,0003658761301","0,0001417695065",,,
"0,143775","-2,730094284","2,575560646","2,575930399","0,0003697529085","0,0001435414981",,,
"0,14555","-2,724957612","2,570714728","2,571088342","0,0003736138114","0,0001453134866",,,
"0,147325","-2,719830604","2,565877928","2,566255387","0,0003774588849","0,000147085472",,,
"0,1491","-2,714713243","2,561050229","2,561431517","0,0003812881748","0,0001488574542",,,
"0,150875","-2,70960551","2,556231613","2,556616715","0,0003851017269","0,0001506294333",,,
"0,15265","-2,704507387","2,551422063","2,551810963","0,0003888995868","0,0001524014092",,,
"0,154425","-2,699418857","2,546621563","2,547014245","0,0003926818001","0,000154173382",,,
"0,1562","-2,6943399","2,541830094","2,542226543","0,0003964484122","0,0001559453517",,,
"0,157975","-2,689270499","2,537047641","2,53744784","0,0004001994684","0,0001577173182",,,
"0,15975","-2,684210637","2,532274186","2,532678121","0,0004039350139","0,0001594892816",,,
"0,161525","-2,679160295","2,527509712","2,527917367","0,0004076550938","0,0001612612418",,,
"0,1633","-2,674119455","2,522754202","2,523165562","0,0004113597529","0,0001630331989",,,
"0,165075","-2,669088099","2,51800764","2,518422689","0,0004150490363","0,0001648051528",,,
"0,16685","-2,66406621","2,513270009","2,513688732","0,0004187229885","0,0001665771037",,,
"0,168625","-2,659053769","2,508541292","2,508963673","0,0004223816542","0,0001683490513",,,
"0,1704","-2,654050759","2,503821471","2,504247496","0,0004260250779","0,0001701209959",,,
"0,172175","-2,649057163","2,499110531","2,499540184","0,0004296533041","0,0001718929373",,,
"0,17395","-2,644072962","2,494408455","2,494841721","0,0004332663769","0,0001736648755",,,
"0,175725","-2,639098139","2,489715225","2,490152089","0,0004368643405","0,0001754368106",,,
"0,1775","-2,634132675","2,485030826","2,485471273","0,0004404472391","0,0001772087426",,,
"0,179275","-2,629176555","2,48035524","2,480799255","0,0004440151164","0,0001789806714",,,
"0,18105","-2,624229759","2,475688452","2,47613602","0,0004475680164","0,0001807525971",,,
"0,182825","-2,619292271","2,471030444","2,47148155","0,0004511059828","0,0001825245197",,,
"0,1846","-2,614364072","2,4663812","2,466835829","0,0004546290592","0,0001842964391",,,
"0,186375","-2,609445146","2,461740704","2,462198841","0,000458137289","0,0001860683554",,,
"0,18815","-2,604535475","2,457108939","2,45757057","0,0004616307156","0,0001878402685",,,
"0,189925","-2,599635042","2,452485888","2,452950998","0,0004651093824","0,0001896121785",,,
"0,1917","-2,594743828","2,447871536","2,44834011","0,0004685733324","0,0001913840853",,,
"0,193475","-2,589861818","2,443265866","2,443737889","0,0004720226088","0,000193155989",,,
"0,19525","-2,584988993","2,438668861","2,439144319","0,0004754572544","0,0001949278896",,,
"0,197025","-2,580125336","2,434080506","2,434559383","0,0004788773122","0,000196699787",,,
"0,1988","-2,57527083","2,429500783","2,429983066","0,0004822828247","0,0001984716813",,,
"0,200575","-2,570425458","2,424929678","2,425415351","0,0004856738347","0,0002002435725",,,
"0,20235","-2,565589203","2,420367172","2,420856223","0,0004890503846","0,0002020154605",,,
"0,204125","-2,560762047","2,415813252","2,416305664","0,0004924125168","0,0002037873453",,,
"0,2059","-2,555943973","2,411267899","2,411763659","0,0004957602737","0,0002055592271",,,
"0,207675","-2,551134964","2,406731098","2,407230192","0,0004990936973","0,0002073311057",,,
"0,20945","-2,546335004","2,402202834","2,402705247","0,0005024128298","0,0002091029811",,,
"0,211225","-2,541544075","2,397683089","2,398188807","0,0005057177131","0,0002108748534",,,
"0,213","-2,536762159","2,393171848","2,393680857","0,0005090083891","0,0002126467226",,,
"0,214775","-2,531989241","2,388669096","2,389181381","0,0005122848996","0,0002144185886",,,
"0,21655","-2,527225304","2,384174815","2,384690362","0,000515547286","0,0002161904515",,,
"0,218325","-2,522470329","2,37968899","2,380207785","0,0005187955902","0,0002179623112",,,
"0,2201","-2,517724301","2,375211605","2,375733635","0,0005220298533","0,0002197341679",,,
"0,221875","-2,512987203","2,370742644","2,371267894","0,0005252501168","0,0002215060213",,,
"0,22365","-2,508259018","2,366282092","2,366810548","0,0005284564219","0,0002232778716",,,
"0,225425","-2,503539728","2,361829932","2,362361581","0,0005316488096","0,0002250497188",,,
"0,2272","-2,498829318","2,357386149","2,357920977","0,0005348273211","0,0002268215629",,,
"0,228975","-2,494127771","2,352950727","2,353488719","0,0005379919971","0,0002285934038",,,
"0,23075","-2,489435069","2,34852365","2,349064793","0,0005411428785","0,0002303652415",,,
"0,232525","-2,484751197","2,344104903","2,344649183","0,000544280006","0,0002321370762",,,
"0,2343","-2,480076138","2,33969447","2,340241873","0,0005474034202","0,0002339089077",,,
"0,236075","-2,475409875","2,335292335","2,335842848","0,0005505131616","0,000235680736",,,
"0,23785","-2,470752391","2,330898482","2,331452091","0,0005536092704","0,0002374525612",,,
"0,239625","-2,46610367","2,326512897","2,327069588","0,0005566917871","0,0002392243833",,,
"0,2414","-2,461463696","2,322135563","2,322695323","0,0005597607518","0,0002409962022",,,
"0,243175","-2,456832452","2,317766465","2,318329281","0,0005628162045","0,000242768018",,,
"0,24495","-2,452209922","2,313405587","2,313971445","0,0005658581853","0,0002445398306",,,
"0,246725","-2,447596089","2,309052914","2,309621801","0,0005688867339","0,0002463116401",,,
"0,2485","-2,442990937","2,304708431","2,305280333","0,0005719018902","0,0002480834465",,,
"0,250275","-2,43839445","2,300372122","2,300947026","0,0005749036938","0,0002498552497",,,
"0,25205","-2,433806611","2,296043972","2,296621864","0,0005778921843","0,0002516270498",,,
"0,253825","-2,429227403","2,291723966","2,292304833","0,0005808674011","0,0002533988468",,,
"0,2556","-2,424656812","2,287412087","2,287995916","0,0005838293835","0,0002551706406",,,
"0,257375","-2,42009482","2,283108321","2,283695099","0,000586778171","0,0002569424312",,,
"0,25915","-2,415541412","2,278812653","2,279402367","0,0005897138025","0,0002587142187",,,
"0,260925","-2,410996571","2,274525067","2,275117703","0,0005926363171","0,0002604860031",,,
"0,2627","-2,406460281","2,270245548","2,270841094","0,0005955457539","0,0002622577844",,,
"0,264475","-2,401932526","2,265974081","2,266572523","0,0005984421516","0,0002640295625",,,
"0,26625","-2,39741329","2,261710651","2,262311976","0,000601325549","0,0002658013374",,,
"0,268025","-2,392902557","2,257455242","2,258059438","0,0006041959847","0,0002675731093",,,
"0,2698","-2,38840031","2,25320784","2,253814893","0,0006070534974","0,000269344878",,,
"0,271575","-2,383906535","2,248968429","2,249578328","0,0006098981254","0,0002711166435",,,
"0,27335","-2,379421215","2,244736995","2,245349725","0,0006127299072","0,0002728884059",,,
"0,275125","-2,374944334","2,240513523","2,241129072","0,0006155488809","0,0002746601652",,,
"0,2769","-2,370475876","2,236297996","2,236916352","0,0006183550848","0,0002764319213",,,
"0,278675","-2,366015826","2,232090402","2,23271155","0,0006211485569","0,0002782036743",,,
"0,28045","-2,361564167","2,227890724","2,228514653","0,0006239293351","0,0002799754241",,,
"0,282225","-2,357120884","2,223698947","2,224325645","0,0006266974574","0,0002817471708",,,
"0,284","-2,352685961","2,219515058","2,220144511","0,0006294529614","0,0002835189144",,,
"0,285775","-2,348259383","2,21533904","2,215971236","0,000632195885","0,0002852906548",,,
"0,28755","-2,343841133","2,21117088","2,211805806","0,0006349262655","0,0002870623921",,,
"0,289325","-2,339431195","2,207010562","2,207648206","0,0006376441406","0,0002888341262",,,
"0,2911","-2,335029556","2,202858071","2,203498421","0,0006403495475","0,0002906058572",,,
"0,292875","-2,330636198","2,198713394","2,199356436","0,0006430425237","0,0002923775851",,,
"0,29465","-2,326251106","2,194576515","2,195222238","0,0006457231062","0,0002941493098",,,
"0,296425","-2,321874264","2,190447419","2,19109581","0,0006483913321","0,0002959210314",,,
"0,2982","-2,317505658","2,186326092","2,186977139","0,0006510472385","0,0002976927499",,,
"0,299975","-2,313145271","2,18221252","2,18286621","0,0006536908622","0,0002994644652",,,
"0,30175","-2,308793088","2,178106687","2,178763009","0,0006563222401","0,0003012361773",,,
"0,303525","-2,304449094","2,174008579","2,17466752","0,0006589414089","0,0003030078864",,,
"0,3053","-2,300113273","2,169918182","2,17057973","0,0006615484051","0,0003047795922",,,
"0,307075","-2,29578561","2,165835481","2,166499624","0,0006641432653","0,000306551295",,,
"0,30885","-2,291466089","2,161760461","2,162427187","0,000666726026","0,0003083229946",,,
"0,310625","-2,287154696","2,157693109","2,158362406","0,0006692967234","0,0003100946911",,,
"0,3124","-2,282851414","2,153633409","2,154305265","0,0006718553938","0,0003118663844",,,
"0,314175","-2,278556229","2,149581348","2,15025575","0,0006744020733","0,0003136380746",,,
"0,31595","-2,274269126","2,145536911","2,146213848","0,0006769367981","0,0003154097616",,,
"0,317725","-2,269990088","2,141500083","2,142179543","0,0006794596039","0,0003171814455",,,
"0,3195","-2,265719102","2,137470851","2,138152821","0,0006819705268","0,0003189531263",,,
"0,321275","-2,261456151","2,133449199","2,134133669","0,0006844696025","0,0003207248039",,,
"0,32305","-2,257201222","2,129435115","2,130122072","0,0006869568666","0,0003224964784",,,
"0,324825","-2,252954297","2,125428583","2,126118015","0,0006894323548","0,0003242681497",,,
"0,3266","-2,248715364","2,121429589","2,122121485","0,0006918961026","0,000326039818",,,
"0,328375","-2,244484406","2,117438119","2,118132467","0,0006943481452","0,000327811483",,,
"0,33015","-2,240261409","2,113454159","2,114150948","0,0006967885182","0,0003295831449",,,
"0,331925","-2,236046357","2,109477695","2,110176912","0,0006992172566","0,0003313548037",,,
"0,3337","-2,231839236","2,105508713","2,106210347","0,0007016343957","0,0003331264594",,,
"0,335475","-2,22764003","2,101547198","2,102251238","0,0007040399704","0,0003348981119",,,
"0,33725","-2,223448725","2,097593137","2,098299571","0,0007064340156","0,0003366697613",,,
"0,339025","-2,219265307","2,093646516","2,094355332","0,0007088165664","0,0003384414075",,,
"0,3408","-2,215089759","2,08970732","2,090418507","0,0007111876574","0,0003402130506",,,
"0,342575","-2,210922067","2,085775535","2,086489083","0,0007135473232","0,0003419846905",,,
"0,34435","-2,206762218","2,081851149","2,082567044","0,0007158955986","0,0003437563273",,,
"0,346125","-2,202610194","2,077934146","2,078652378","0,0007182325179","0,000345527961",,,
"0,3479","-2,198465983","2,074024513","2,074745071","0,0007205581156","0,0003472995915",,,
"0,349675","-2,19432957","2,070122236","2,070845108","0,000722872426","0,0003490712189",,,
"0,35145","-2,190200939","2,066227301","2,066952476","0,0007251754834","0,0003508428432",,,
"0,353225","-2,186080075","2,062339694","2,063067161","0,0007274673218","0,0003526144643",,,
"0,355","-2,181966966","2,058459402","2,05918915","0,0007297479754","0,0003543860823",,,
"0,356775","-2,177861595","2,05458641","2,055318428","0,000732017478","0,0003561576971",,,
"0,35855","-2,173763948","2,050720706","2,051454982","0,0007342758636","0,0003579293088",,,
"0,360325","-2,169674012","2,046862275","2,047598798","0,000736523166","0,0003597009173",,,
"0,3621","-2,16559177","2,043011104","2,043749863","0,0007387594188","0,0003614725227",,,
"0,363875","-2,161517209","2,039167178","2,039908163","0,0007409846557","0,000363244125",,,
"0,36565","-2,157450314","2,035330485","2,036073684","0,0007431989102","0,0003650157241",,,
"0,367425","-2,153391072","2,031501011","2,032246413","0,0007454022157","0,0003667873201",,,
"0,3692","-2,149339466","2,027678742","2,028426336","0,0007475946056","0,000368558913",,,
"0,370975","-2,145295484","2,023863664","2,02461344","0,0007497761131","0,0003703305027",,,
"0,37275","-2,141259111","2,020055765","2,020807711","0,0007519467715","0,0003721020893",,,
"0,374525","-2,137230332","2,01625503","2,017009136","0,0007541066137","0,0003738736727",,,
"0,3763","-2,133209133","2,012461446","2,013217702","0,0007562556729","0,000375645253",,,
"0,378075","-2,1291955","2,008675","2,009433394","0,0007583939819","0,0003774168301",,,
"0,37985","-2,125189418","2,004895678","2,005656199","0,0007605215735","0,0003791884042",,,
"0,381625","-2,121190875","2,001123467","2,001886105","0,0007626384806","0,000380959975",,,
"0,3834","-2,117199854","1,997358353","1,998123097","0,0007647447357","0,0003827315428",,,
"0,385175","-2,113216342","1,993600323","1,994367163","0,0007668403715","0,0003845031074",,,
"0,38695","-2,109240326","1,989849364","1,990618289","0,0007689254205","0,0003862746688",,,
"0,388725","-2,10527179","1,986105462","1,986876462","0,000770999915","0,0003880462271",,,
"0,3905","-2,101310721","1,982368605","1,983141669","0,0007730638874","0,0003898177823",,,
"0,392275","-2,097357105","1,978638778","1,979413896","0,0007751173699","0,0003915893344",,,
"0,39405","-2,093410928","1,97491597","1,97569313","0,0007771603946","0,0003933608833",,,
"0,395825","-2,089472175","1,971200165","1,971979358","0,0007791929938","0,000395132429",,,
"0,3976","-2,085540833","1,967491352","1,968272567","0,0007812151992","0,0003969039716",,,
"0,399375","-2,081616888","1,963789517","1,964572744","0,0007832270429","0,0003986755111",,,
"0,40115","-2,077700326","1,960094647","1,960879876","0,0007852285566","0,0004004470474",,,
"0,402925","-2,073791133","1,956406729","1,957193949","0,0007872197721","0,0004022185806",,,
"0,4047","-2,069889295","1,95272575","1,95351495","0,0007892007211","0,0004039901107",,,
"0,406475","-2,065994798","1,949051696","1,949842868","0,0007911714351","0,0004057616376",,,
"0,40825","-2,062107629","1,945384556","1,946177687","0,0007931319456","0,0004075331614",,,
"0,410025","-2,058227773","1,941724314","1,942519397","0,0007950822841","0,000409304682",,,
"0,4118","-2,054355218","1,93807096","1,938867983","0,0007970224817","0,0004110761995",,,
"0,413575","-2,050489948","1,93442448","1,935223432","0,0007989525699","0,0004128477139",,,
"0,41535","-2,046631952","1,93078486","1,931585733","0,0008008725797","0,0004146192251",,,
"0,417125","-2,042781214","1,927152088","1,927954871","0,0008027825423","0,0004163907332",,,
"0,4189","-2,038937721","1,923526152","1,924330834","0,0008046824886","0,0004181622382",,,
"0,420675","-2,035101459","1,919907037","1,92071361","0,0008065724495","0,00041993374",,,
"0,42245","-2,031272416","1,916294732","1,917103185","0,0008084524559","0,0004217052386",,,
"0,424225","-2,027450577","1,912689224","1,913499546","0,0008103225386","0,0004234767342",,,
"0,426","-2,023635929","1,909090499","1,909902682","0,0008121827282","0,0004252482265",,,
"0,427775","-2,019828458","1,905498545","1,906312578","0,0008140330553","0,0004270197158",,,
"0,42955","-2,01602815","1,901913349","1,902729223","0,0008158735504","0,0004287912019",,,
"0,431325","-2,012234993","1,8983349","1,899152604","0,000817704244","0,0004305626849",,,
"0,4331","-2,008448973","1,894763182","1,895582708","0,0008195251665","0,0004323341647",,,
"0,434875","-2,004670077","1,891198185","1,892019522","0,000821336348","0,0004341056414",,,
"0,43665","-2,00089829","1,887639896","1,888463034","0,0008231378188","0,0004358771149",,,
"0,438425","-1,9971336","1,884088302","1,884913231","0,0008249296091","0,0004376485853",,,
"0,4402","-1,993375993","1,880543389","1,881370101","0,0008267117488","0,0004394200526",,,
"0,441975","-1,989625456","1,877005147","1,877833631","0,000828484268","0,0004411915167",,,
"0,44375","-1,985881976","1,873473562","1,874303809","0,0008302471964","0,0004429629777",,,
"0,445525","-1,982145539","1,869948621","1,870780622","0,000832000564","0,0004447344356",,,
"0,4473","-1,978416132","1,866430313","1,867264057","0,0008337444004","0,0004465058903",,,
"0,449075","-1,974693742","1,862918624","1,863754103","0,0008354787352","0,0004482773418",,,
"0,45085","-1,970978356","1,859413543","1,860250747","0,0008372035982","0,0004500487903",,,
"0,452625","-1,96726996","1,855915056","1,856753975","0,0008389190186","0,0004518202356",,,
"0,4544","-1,963568541","1,852423152","1,853263777","0,000840625026","0,0004535916777",,,
"0,456175","-1,959874087","1,848937818","1,84978014","0,0008423216497","0,0004553631167",,,
"0,45795","-1,956186584","1,845459042","1,846303051","0,000844008919","0,0004571345526",,,
"0,459725","-1,952506019","1,84198681","1,842832497","0,000845686863","0,0004589059854",,,
"0,4615","-1,948832379","1,838521112","1,839368468","0,0008473555109","0,0004606774149",,,
"0,463275","-1,945165651","1,835061935","1,83591095","0,0008490148916","0,0004624488414",,,
"0,46505","-1,941505822","1,831609266","1,832459931","0,0008506650342","0,0004642202647",,,
"0,466825","-1,937852878","1,828163093","1,829015399","0,0008523059674","0,0004659916849",,,
"0,4686","-1,934206808","1,824723404","1,825577342","0,0008539377202","0,0004677631019",,,
"0,470375","-1,930567598","1,821290187","1,822145747","0,0008555603212","0,0004695345158",,,
"0,47215","-1,926935235","1,817863429","1,818720603","0,0008571737992","0,0004713059266",,,
"0,473925","-1,923309707","1,814443119","1,815301898","0,0008587781825","0,0004730773342",,,
"0,4757","-1,919690999","1,811029245","1,811889618","0,0008603734999","0,0004748487387",,,
"0,477475","-1,916079101","1,807621793","1,808483753","0,0008619597796","0,00047662014",,,
"0,47925","-1,912473998","1,804220753","1,80508429","0,0008635370501","0,0004783915382",,,
"0,481025","-1,908875678","1,800826111","1,801691217","0,0008651053396","0,0004801629333",,,
"0,4828","-1,905284129","1,797437857","1,798304522","0,0008666646763","0,0004819343252",,,
"0,484575","-1,901699336","1,794055978","1,794924193","0,0008682150883","0,000483705714",,,
"0,48635","-1,898121289","1,790680461","1,791550218","0,0008697566038","0,0004854770997",,,
"0,488125","-1,894549974","1,787311296","1,788182585","0,0008712892506","0,0004872484822",,,
"0,4899","-1,890985378","1,78394847","1,784821283","0,0008728130567","0,0004890198615",,,
"0,491675","-1,887427489","1,780591971","1,781466299","0,0008743280499","0,0004907912378",,,
"0,49345","-1,883876294","1,777241787","1,778117621","0,000875834258","0,0004925626108",,,
"0,495225","-1,880331781","1,773897907","1,774775238","0,0008773317086","0,0004943339808",,,
"0,497","-1,876793937","1,770560318","1,771439138","0,0008788204294","0,0004961053476",,,
"0,498775","-1,873262749","1,767229009","1,768109309","0,0008803004479","0,0004978767113",,,
"0,50055","-1,869738205","1,763903967","1,764785739","0,0008817717916","0,0004996480718",,,
"0,502325","-1,866220293","1,760585182","1,761468416","0,0008832344879","0,0005014194292",,,
"0,5041","-1,862708999","1,757272641","1,758157329","0,000884688564","0,0005031907834",,,
"0,505875","-1,859204312","1,753966332","1,754852466","0,0008861340473","0,0005049621346",,,
"0,50765","-1,855706219","1,750666245","1,751553816","0,0008875709649","0,0005067334825",,,
"0,509425","-1,852214708","1,747372366","1,748261366","0,0008889993439","0,0005085048274",,,
"0,5112","-1,848729766","1,744084685","1,744975104","0,0008904192113","0,0005102761691",,,
"0,512975","-1,845251381","1,74080319","1,74169502","0,0008918305942","0,0005120475076",,,
"0,51475","-1,841779541","1,737527869","1,738421102","0,0008932335194","0,000513818843",,,
"0,516525","-1,838314232","1,73425871","1,735153338","0,0008946280136","0,0005155901753",,,
"0,5183","-1,834855444","1,730995702","1,731891716","0,0008960141038","0,0005173615044",,,
"0,520075","-1,831403164","1,727738834","1,728636225","0,0008973918165","0,0005191328304",,,
"0,52185","-1,827957379","1,724488093","1,725386854","0,0008987611784","0,0005209041533",,,
"0,523625","-1,824518077","1,721243469","1,722143591","0,000900122216","0,000522675473",,,
"0,5254","-1,821085246","1,718004949","1,718906424","0,0009014749557","0,0005244467896",,,
"0,527175","-1,817658874","1,714772523","1,715675342","0,000902819424","0,000526218103",,,
"0,52895","-1,814238949","1,711546178","1,712450334","0,0009041556472","0,0005279894133",,,
"0,530725","-1,810825458","1,708325904","1,709231388","0,0009054836515","0,0005297607205",,,
"0,5325","-1,80741839","1,705111689","1,706018492","0,0009068034632","0,0005315320245",,,
"0,534275","-1,804017733","1,701903521","1,702811636","0,0009081151083","0,0005333033254",,,
"0,53605","-1,800623473","1,69870139","1,699610808","0,0009094186129","0,0005350746232",,,
"0,537825","-1,7972356","1,695505283","1,696415997","0,0009107140029","0,0005368459178",,,
"0,5396","-1,793854101","1,69231519","1,693227191","0,0009120013044","0,0005386172092",,,
"0,541375","-1,790478965","1,689131099","1,69004438","0,0009132805431","0,0005403884976",,,
"0,54315","-1,787110179","1,685952999","1,686867551","0,0009145517448","0,0005421597828",,,
"0,544925","-1,783747731","1,682780878","1,683696693","0,0009158149351","0,0005439310648",,,
"0,5467","-1,78039161","1,679614726","1,680531796","0,0009170701399","0,0005457023437",,,
"0,548475","-1,777041803","1,676454531","1,677372848","0,0009183173845","0,0005474736195",,,
"0,55025","-1,773698299","1,673300282","1,674219838","0,0009195566945","0,0005492448921",,,
"0,552025","-1,770361085","1,670151967","1,671072755","0,0009207880954","0,0005510161616",,,
"0,5538","-1,767030151","1,667009576","1,667931588","0,0009220116125","0,000552787428",,,
"0,555575","-1,763705484","1,663873098","1,664796325","0,0009232272711","0,0005545586912",,,
"0,55735","-1,760387072","1,660742521","1,661666956","0,0009244350965","0,0005563299513",,,
"0,559125","-1,757074904","1,657617834","1,658543469","0,0009256351137","0,0005581012082",,,
"0,5609","-1,753768967","1,654499026","1,655425853","0,0009268273479","0,000559872462",,,
"0,562675","-1,750469251","1,651386086","1,652314097","0,0009280118242","0,0005616437127",,,
"0,56445","-1,747175743","1,648279003","1,649208191","0,0009291885674","0,0005634149602",,,
"0,566225","-1,743888432","1,645177766","1,646108123","0,0009303576025","0,0005651862046",,,
"0,568","-1,740607306","1,642082364","1,643013883","0,0009315189544","0,0005669574458",,,
"0,569775","-1,737332353","1,638992786","1,639925458","0,0009326726477","0,0005687286839",,,
"0,57155","-1,734063562","1,635909021","1,63684284","0,0009338187072","0,0005704999189",,,
"0,573325","-1,730800922","1,632831058","1,633766015","0,0009349571575","0,0005722711507",,,
"0,5751","-1,72754442","1,629758886","1,630694974","0,0009360880232","0,0005740423794",,,
"0,576875","-1,724294045","1,626692495","1,627629706","0,0009372113287","0,0005758136049",,,
"0,57865","-1,721049786","1,623631873","1,6245702","0,0009383270986","0,0005775848273",,,
"0,580425","-1,71781163","1,62057701","1,621516445","0,0009394353572","0,0005793560466",,,
"0,5822","-1,714579568","1,617527894","1,61846843","0,0009405361287","0,0005811272627",,,
"0,583975","-1,711353586","1,614484515","1,615426145","0,0009416294375","0,0005828984757",,,
"0,58575","-1,708133675","1,611446863","1,612389578","0,0009427153077","0,0005846696856",,,
"0,587525","-1,704919821","1,608414926","1,609358719","0,0009437937633","0,0005864408923",,,
"0,5893","-1,701712014","1,605388693","1,606333558","0,0009448648286","0,0005882120958",,,
"0,591075","-1,698510243","1,602368154","1,603314083","0,0009459285274","0,0005899832963",,,
"0,59285","-1,695314496","1,599353298","1,600300283","0,0009469848837","0,0005917544936",,,
"0,594625","-1,692124762","1,596344115","1,597292149","0,0009480339213","0,0005935256877",,,
"0,5964","-1,688941029","1,593340594","1,594289669","0,000949075664","0,0005952968787",,,
"0,598175","-1,685763287","1,590342723","1,591292833","0,0009501101355","0,0005970680666",,,
"0,59995","-1,682591523","1,587350494","1,588301631","0,0009511373596","0,0005988392514",,,
"0,601725","-1,679425727","1,584363894","1,585316051","0,0009521573597","0,000600610433",,,
"0,6035","-1,676265888","1,581382913","1,582336083","0,0009531701595","0,0006023816114",,,
"0,605275","-1,673111993","1,578407541","1,579361717","0,0009541757825","0,0006041527868",,,
"0,60705","-1,669964033","1,575437767","1,576392941","0,0009551742519","0,0006059239589",,,
"0,608825","-1,666821996","1,572473581","1,573429747","0,0009561655912","0,000607695128",,,
"0,6106","-1,66368587","1,569514972","1,570472122","0,0009571498237","0,0006094662939",,,
"0,612375","-1,660555645","1,56656193","1,567520057","0,0009581269726","0,0006112374566",,,
"0,61415","-1,65743131","1,563614443","1,56457354","0,000959097061","0,0006130086163",,,
"0,615925","-1,654312853","1,560672503","1,561632563","0,0009600601121","0,0006147797728",,,
"0,6177","-1,651200263","1,557736097","1,558697114","0,0009610161489","0,0006165509261",,,
"0,619475","-1,64809353","1,554805217","1,555767182","0,0009619651943","0,0006183220763",,,
"0,62125","-1,644992642","1,551879851","1,552842758","0,0009629072713","0,0006200932234",,,
"0,623025","-1,641897588","1,548959989","1,549923831","0,0009638424028","0,0006218643673",,,
"0,6248","-1,638808358","1,546045621","1,547010391","0,0009647706115","0,0006236355081",,,
"0,626575","-1,63572494","1,543136736","1,544102428","0,0009656919201","0,0006254066458",,,
"0,62835","-1,632647324","1,540233324","1,54119993","0,0009666063514","0,0006271777803",,,
"0,630125","-1,629575498","1,537335375","1,538302889","0,0009675139279","0,0006289489117",,,
"0,6319","-1,626509451","1,534442879","1,535411293","0,0009684146722","0,0006307200399",,,
"0,633675","-1,623449174","1,531555824","1,532525133","0,0009693086068","0,000632491165",,,
"0,63545","-1,620394654","1,528674202","1,529644398","0,000970195754","0,000634262287",,,
"0,637225","-1,617345882","1,525798002","1,526769078","0,0009710761363","0,0006360334058",,,
"0,639","-1,614302845","1,522927213","1,523899162","0,0009719497761","0,0006378045215",,,
"0,640775","-1,611265535","1,520061825","1,521034642","0,0009728166954","0,000639575634",,,
"0,64255","-1,608233938","1,517201829","1,518175506","0,0009736769165","0,0006413467434",,,
"0,644325","-1,605208046","1,514347214","1,515321744","0,0009745304616","0,0006431178497",,,
"0,6461","-1,602187847","1,511497969","1,512473347","0,0009753773526","0,0006448889528",,,
"0,647875","-1,599173331","1,508654086","1,509630303","0,0009762176117","0,0006466600528",,,
"0,64965","-1,596164486","1,505815553","1,506792604","0,0009770512608","0,0006484311497",,,
"0,651425","-1,593161303","1,502982361","1,503960239","0,0009778783217","0,0006502022434",,,
"0,6532","-1,59016377","1,5001545","1,501133199","0,0009786988162","0,0006519733339",,,
"0,654975","-1,587171877","1,497331959","1,498311472","0,0009795127663","0,0006537444214",,,
"0,65675","-1,584185613","1,494514729","1,495495049","0,0009803201935","0,0006555155057",,,
"0,658525","-1,581204968","1,4917028","1,492683921","0,0009811211195","0,0006572865868",,,
"0,6603","-1,57822993","1,488896161","1,489878076","0,0009819155659","0,0006590576648",,,
"0,662075","-1,575260491","1,486094803","1,487077506","0,0009827035543","0,0006608287397",,,
"0,66385","-1,572296638","1,483298715","1,4842822","0,0009834851062","0,0006625998115",,,
"0,665625","-1,569338362","1,480507889","1,481492149","0,0009842602429","0,0006643708801",,,
"0,6674","-1,566385652","1,477722313","1,478707342","0,0009850289858","0,0006661419455",,,
"0,669175","-1,563438497","1,474941979","1,47592777","0,0009857913562","0,0006679130079",,,
"0,67095","-1,560496888","1,472166875","1,473153423","0,0009865473755","0,000669684067",,,
"0,672725","-1,557560813","1,469396993","1,47038429","0,0009872970647","0,0006714551231",,,
"0,6745","-1,554630262","1,466632323","1,467620363","0,000988040445","0,000673226176",,,
"0,676275","-1,551705225","1,463872854","1,464861632","0,0009887775375","0,0006749972258",,,
"0,67805","-1,548785692","1,461118577","1,462108086","0,0009895083633","0,0006767682724",,,
"0,679825","-1,545871652","1,458369483","1,459359716","0,0009902329431","0,0006785393159",,,
"0,6816","-1,542963094","1,455625561","1,456616512","0,0009909512981","0,0006803103562",,,
"0,683375","-1,540060009","1,452886801","1,453878465","0,000991663449","0,0006820813934",,,
"0,68515","-1,537162386","1,450153195","1,451145564","0,0009923694166","0,0006838524275",,,
"0,686925","-1,534270215","1,447424731","1,448417801","0,0009930692217","0,0006856234585",,,
"0,6887","-1,531383486","1,444701402","1,445695165","0,000993762885","0,0006873944863",,,
"0,690475","-1,528502188","1,441983196","1,442977646","0,000994450427","0,0006891655109",,,
"0,69225","-1,525626311","1,439270105","1,440265237","0,0009951318683","0,0006909365324",,,
"0,694025","-1,522755845","1,436562118","1,437557925","0,0009958072295","0,0006927075508",,,
"0,6958","-1,51989078","1,433859226","1,434855703","0,000996476531","0,0006944785661",,,
"0,697575","-1,517031105","1,43116142","1,43215856","0,0009971397933","0,0006962495782",,,
"0,69935","-1,514176811","1,42846869","1,429466487","0,0009977970366","0,0006980205871",,,
"0,701125","-1,511327888","1,425781026","1,426779474","0,0009984482812","0,000699791593",,,
"0,7029","-1,508484324","1,423098419","1,424097513","0,0009990935475","0,0007015625956",,,
"0,704675","-1,505646111","1,420420859","1,421420592","0,0009997328555","0,0007033335952",,,
"0,70645","-1,502813238","1,417748338","1,418748704","0,001000366225","0,0007051045916",,,
"0,708225","-1,499985695","1,415080844","1,416081838","0,001000993677","0,0007068755849",,,
"0,71","-1,497163472","1,41241837","1,413419985","0,001001615231","0,000708646575",,,
"0,711775","-1,494346559","1,409760904","1,410763135","0,001002230907","0,000710417562",,,
"0,71355","-1,491534946","1,407108439","1,40811128","0,001002840725","0,0007121885459",,,
"0,715325","-1,488728623","1,404460965","1,405464409","0,001003444704","0,0007139595266",,,
"0,7171","-1,48592758","1,401818471","1,402822514","0,001004042865","0,0007157305042",,,
"0,718875","-1,483131807","1,39918095","1,400185585","0,001004635228","0,0007175014786",,,
"0,72065","-1,480341294","1,396548391","1,397553613","0,001005221811","0,0007192724499",,,
"0,722425","-1,477556032","1,393920785","1,394926588","0,001005802635","0,0007210434181",,,
"0,7242","-1,474776011","1,391298123","1,392304501","0,001006377719","0,0007228143831",,,
"0,725975","-1,47200122","1,388680396","1,389687343","0,001006947083","0,000724585345",,,
"0,72775","-1,469231649","1,386067594","1,387075104","0,001007510746","0,0007263563037",,,
"0,729525","-1,46646729","1,383459707","1,384467776","0,001008068728","0,0007281272593",,,
"0,7313","-1,463708132","1,380856728","1,381865349","0,001008621047","0,0007298982118",,,
"0,733075","-1,460954165","1,378258646","1,379267814","0,001009167724","0,0007316691611",,,
"0,73485","-1,45820538","1,375665452","1,376675161","0,001009708778","0,0007334401073",,,
"0,736625","-1,455461766","1,373077138","1,374087382","0,001010244228","0,0007352110504",,,
"0,7384","-1,452723315","1,370493693","1,371504467","0,001010774092","0,0007369819903",,,
"0,740175","-1,449990016","1,367915109","1,368926408","0,001011298391","0,0007387529271",,,
"0,74195","-1,44726186","1,365341377","1,366353194","0,001011817142","0,0007405238607",,,
"0,743725","-1,444538837","1,362772487","1,363784818","0,001012330366","0,0007422947912",,,
"0,7455","-1,441820937","1,360208431","1,361221269","0,001012838082","0,0007440657186",,,
"0,747275","-1,439108151","1,357649199","1,358662539","0,001013340307","0,0007458366428",,,
"0,74905","-1,436400469","1,355094782","1,356108619","0,001013837061","0,0007476075639",,,
"0,750825","-1,433697881","1,352545171","1,353559499","0,001014328363","0,0007493784818",,,
"0,7526","-1,431000379","1,350000357","1,351015171","0,001014814231","0,0007511493966",,,
"0,754375","-1,428307951","1,347460331","1,348475626","0,001015294684","0,0007529203083",,,
"0,75615","-1,42562059","1,344925085","1,345940855","0,001015769741","0,0007546912168",,,
"0,757925","-1,422938285","1,342394608","1,343410848","0,001016239421","0,0007564621222",,,
"0,7597","-1,420261026","1,339868893","1,340885597","0,001016703741","0,0007582330245",,,
"0,761475","-1,417588805","1,33734793","1,338365092","0,001017162721","0,0007600039236",,,
"0,76325","-1,414921612","1,334831709","1,335849326","0,001017616379","0,0007617748196",,,
"0,765025","-1,412259437","1,332320224","1,333338288","0,001018064733","0,0007635457124",,,
"0,7668","-1,409602271","1,329813463","1,330831971","0,001018507802","0,0007653166021",,,
"0,768575","-1,406950104","1,327311419","1,328330365","0,001018945604","0,0007670874887",,,
"0,77035","-1,404302928","1,324814083","1,325833461","0,001019378156","0,0007688583721",,,
"0,772125","-1,401660732","1,322321445","1,32334125","0,001019805478","0,0007706292524",,,
"0,7739","-1,399023507","1,319833497","1,320853725","0,001020227588","0,0007724001295",,,
"0,775675","-1,396391244","1,31735023","1,318370875","0,001020644503","0,0007741710035",,,
"0,77745","-1,393763934","1,314871636","1,315892692","0,001021056242","0,0007759418744",,,
"0,779225","-1,391141567","1,312397705","1,313419168","0,001021462823","0,0007777127421",,,
"0,781","-1,388524134","1,309928429","1,310950293","0,001021864263","0,0007794836067",,,
"0,782775","-1,385911626","1,307463798","1,308486059","0,00102226058","0,0007812544682",,,
"0,78455","-1,383304033","1,305003805","1,306026457","0,001022651793","0,0007830253265",,,
"0,786325","-1,380701347","1,302548441","1,303571478","0,001023037919","0,0007847961817",,,
"0,7881","-1,378103557","1,300097696","1,301121115","0,001023418976","0,0007865670337",,,
"0,789875","-1,375510656","1,297651562","1,298675357","0,001023794981","0,0007883378826",,,
"0,79165","-1,372922632","1,29521003","1,296234196","0,001024165953","0,0007901087284",,,
"0,793425","-1,370339478","1,292773093","1,293797625","0,001024531908","0,000791879571",,,
"0,7952","-1,367761185","1,29034074","1,291365633","0,001024892865","0,0007936504105",,,
"0,796975","-1,365187742","1,287912964","1,288938213","0,00102524884","0,0007954212468",,,
"0,79875","-1,362619141","1,285489756","1,286515356","0,001025599852","0,0007971920801",,,
"0,800525","-1,360055373","1,283071107","1,284097053","0,001025945918","0,0007989629101",,,
"0,8023","-1,357496429","1,280657009","1,281683296","0,001026287055","0,0008007337371",,,
"0,804075","-1,3549423","1,278247452","1,279274076","0,00102662328","0,0008025045609",,,
"0,80585","-1,352392976","1,27584243","1,276869384","0,001026954611","0,0008042753815",,,
"0,807625","-1,349848448","1,273441932","1,274469213","0,001027281065","0,000806046199",,,
"0,8094","-1,347308708","1,271045951","1,272073554","0,001027602659","0,0008078170134",,,
"0,811175","-1,344773747","1,268654478","1,269682398","0,00102791941","0,0008095878246",,,
"0,81295","-1,342243555","1,266267505","1,267295736","0,001028231336","0,0008113586327",,,
"0,814725","-1,339718124","1,263885023","1,264913561","0,001028538453","0,0008131294377",,,
"0,8165","-1,337197444","1,261507023","1,262535864","0,001028840778","0,0008149002395",,,
"0,818275","-1,334681507","1,259133497","1,260162636","0,001029138328","0,0008166710382",,,
"0,82005","-1,332170304","1,256764438","1,257793869","0,001029431121","0,0008184418338",,,
"0,821825","-1,329663826","1,254399836","1,255429555","0,001029719172","0,0008202126262",,,
"0,8236","-1,327162063","1,252039682","1,253069685","0,001030002499","0,0008219834155",,,
"0,825375","-1,324665008","1,24968397","1,250714251","0,001030281119","0,0008237542016",,,
"0,82715","-1,322172651","1,247332689","1,248363244","0,001030555048","0,0008255249846",,,
"0,828925","-1,319684983","1,244985833","1,246016657","0,001030824303","0,0008272957644",,,
"0,8307","-1,317201995","1,242643392","1,243674481","0,0010310889","0,0008290665412",,,
"0,832475","-1,31472368","1,240305358","1,241336707","0,001031348856","0,0008308373148",,,
"0,83425","-1,312250027","1,237971724","1,239003328","0,001031604188","0,0008326080852",,,
"0,836025","-1,309781029","1,23564248","1,236674335","0,001031854912","0,0008343788525",,,
"0,8378","-1,307316676","1,233317619","1,23434972","0,001032101045","0,0008361496167",,,
"0,839575","-1,304856959","1,230997132","1,232029474","0,001032342602","0,0008379203777",,,
"0,84135","-1,302401871","1,22868101","1,22971359","0,001032579601","0,0008396911356",,,
"0,843125","-1,299951402","1,226369247","1,227402059","0,001032812057","0,0008414618903",,,
"0,8449","-1,297505543","1,224061833","1,225094873","0,001033039987","0,000843232642",,,
"0,846675","-1,295064287","1,221758761","1,222792024","0,001033263406","0,0008450033904",,,
"0,84845","-1,292627623","1,219460022","1,220493504","0,001033482332","0,0008467741358",,,
"0,850225","-1,290195544","1,217165608","1,218199305","0,00103369678","0,000848544878",,,
"0,852","-1,287768041","1,214875511","1,215909418","0,001033906767","0,000850315617",,,
"0,853775","-1,285345106","1,212589723","1,213623835","0,001034112307","0,0008520863529",,,
"0,85555","-1,282926729","1,210308235","1,211342548","0,001034313418","0,0008538570857",,,
"0,857325","-1,280512902","1,20803104","1,20906555","0,001034510115","0,0008556278154",,,
"0,8591","-1,278103617","1,20575813","1,206792832","0,001034702415","0,0008573985419",,,
"0,860875","-1,275698865","1,203489496","1,204524386","0,001034890332","0,0008591692653",,,
"0,86265","-1,273298638","1,20122513","1,202260204","0,001035073883","0,0008609399855",,,
"0,864425","-1,270902927","1,198965025","1,200000278","0,001035253083","0,0008627107026",,,
"0,8662","-1,268511723","1,196709172","1,1977446","0,001035427949","0,0008644814165",,,
"0,867975","-1,266125018","1,194457564","1,195493163","0,001035598495","0,0008662521274",,,
"0,86975","-1,263742804","1,192210192","1,193245957","0,001035764738","0,000868022835",,,
"0,871525","-1,261365072","1,189967049","1,191002975","0,001035926694","0,0008697935396",,,
"0,8733","-1,258991813","1,187728126","1,18876421","0,001036084377","0,000871564241",,,
"0,875075","-1,25662302","1,185493415","1,186529653","0,001036237803","0,0008733349392",,,
"0,87685","-1,254258684","1,183262909","1,184299296","0,001036386987","0,0008751056344",,,
"0,878625","-1,251898796","1,1810366","1,182073132","0,001036531946","0,0008768763264",,,
"0,8804","-1,249543349","1,17881448","1,179851153","0,001036672694","0,0008786470152",,,
"0,882175","-1,247192333","1,17659654","1,17763335","0,001036809246","0,0008804177009",,,
"0,88395","-1,244845741","1,174382774","1,175419716","0,001036941619","0,0008821883835",,,
"0,885725","-1,242503563","1,172173173","1,173210243","0,001037069827","0,0008839590629",,,
"0,8875","-1,240165793","1,169967729","1,171004923","0,001037193885","0,0008857297392",,,
"0,889275","-1,237832421","1,167766435","1,168803749","0,001037313809","0,0008875004124",,,
"0,89105","-1,235503439","1,165569282","1,166606712","0,001037429613","0,0008892710824",,,
"0,892825","-1,233178839","1,163376264","1,164413805","0,001037541314","0,0008910417493",,,
"0,8946","-1,230858613","1,161187371","1,16222502","0,001037648925","0,0008928124131",,,
"0,896375","-1,228542753","1,159002597","1,16004035","0,001037752462","0,0008945830737",,,
"0,89815","-1,22623125","1,156821934","1,157859786","0,001037851939","0,0008963537311",,,
"0,899925","-1,223924096","1,154645373","1,155683321","0,001037947372","0,0008981243855",,,
"0,9017","-1,221621283","1,152472908","1,153510947","0,001038038776","0,0008998950367",,,
"0,903475","-1,219322802","1,15030453","1,151342656","0,001038126165","0,0009016656847",,,
"0,90525","-1,217028646","1,148140232","1,149178442","0,001038209554","0,0009034363296",,,
"0,907025","-1,214738807","1,145980006","1,147018295","0,001038288957","0,0009052069714",,,
"0,9088","-1,212453276","1,143823845","1,144862209","0,001038364391","0,0009069776101",,,
"0,910575","-1,210172045","1,14167174","1,142710176","0,001038435868","0,0009087482456",,,
"0,91235","-1,207895106","1,139523685","1,140562189","0,001038503404","0,0009105188779",,,
"0,914125","-1,205622452","1,137379671","1,138418238","0,001038567014","0,0009122895072",,,
"0,9159","-1,203354073","1,135239691","1,136278318","0,001038626711","0,0009140601332",,,
"0,917675","-1,201089962","1,133103738","1,13414242","0,001038682511","0,0009158307562",,,
"0,91945","-1,198830111","1,130971803","1,132010538","0,001038734427","0,000917601376",,,
"0,921225","-1,196574513","1,12884388","1,129882662","0,001038782475","0,0009193719927",,,
"0,923","-1,194323158","1,12671996","1,127758787","0,001038826668","0,0009211426062",,,
"0,924775","-1,192076039","1,124600036","1,125638903","0,001038867021","0,0009229132166",,,
"0,92655","-1,189833148","1,122484102","1,123523005","0,001038903549","0,0009246838239",,,
"0,928325","-1,187594477","1,120372148","1,121411084","0,001038936264","0,000926454428",,,
"0,9301","-1,185360018","1,118264167","1,119303133","0,001038965183","0,000928225029",,,
"0,931875","-1,183129763","1,116160153","1,117199144","0,001038990318","0,0009299956268",,,
"0,93365","-1,180903704","1,114060098","1,11509911","0,001039011684","0,0009317662216",,,
"0,935425","-1,178681834","1,111963994","1,113003023","0,001039029295","0,0009335368131",,,
"0,9372","-1,176464144","1,109871834","1,110910877","0,001039043166","0,0009353074016",,,
"0,938975","-1,174250627","1,10778361","1,108822663","0,001039053309","0,0009370779869",,,
"0,94075","-1,172041274","1,105699315","1,106738375","0,001039059739","0,000938848569",,,
"0,942525","-1,169836078","1,103618942","1,104658004","0,001039062471","0,000940619148",,,
"0,9443","-1,167635032","1,101542483","1,102581544","0,001039061517","0,0009423897239",,,
"0,946075","-1,165438126","1,099469931","1,100508987","0,001039056892","0,0009441602967",,,
"0,94785","-1,163245355","1,097401278","1,098440327","0,00103904861","0,0009459308663",,,
"0,949625","-1,161056708","1,095336517","1,096375554","0,001039036683","0,0009477014327",,,
"0,9514","-1,15887218","1,093275642","1,094314663","0,001039021127","0,0009494719961",,,
"0,953175","-1,156691762","1,091218644","1,092257646","0,001039001955","0,0009512425563",,,
"0,95495","-1,154515447","1,089165516","1,090204495","0,00103897918","0,0009530131133",,,
"0,956725","-1,152343226","1,087116251","1,088155204","0,001038952816","0,0009547836672",,,
"0,9585","-1,150175092","1,085070842","1,086109764","0,001038922876","0,000956554218",,,
"0,960275","-1,148011038","1,083029281","1,08406817","0,001038889375","0,0009583247657",,,
"0,96205","-1,145851055","1,080991561","1,082030414","0,001038852326","0,0009600953102",,,
"0,963825","-1,143695136","1,078957676","1,079996487","0,001038811741","0,0009618658515",,,
"0,9656","-1,141543274","1,076927617","1,077966384","0,001038767635","0,0009636363898",,,
"0,967375","-1,13939546","1,074901377","1,075940097","0,001038720021","0,0009654069249",,,
"0,96915","-1,137251688","1,07287895","1,073917619","0,001038668912","0,0009671774568",,,
"0,970925","-1,135111948","1,070860329","1,071898943","0,001038614322","0,0009689479856",,,
"0,9727","-1,132976235","1,068845505","1,069884061","0,001038556263","0,0009707185113",,,
"0,974475","-1,130844541","1,066834472","1,067872967","0,00103849475","0,0009724890338",,,
"0,97625","-1,128716857","1,064827223","1,065865653","0,001038429795","0,0009742595532",,,
"0,978025","-1,126593176","1,062823751","1,063862112","0,001038361411","0,0009760300695",,,
"0,9798","-1,124473491","1,060824048","1,061862337","0,001038289612","0,0009778005826",,,
"0,981575","-1,122357794","1,058828107","1,059866322","0,001038214411","0,0009795710926",,,
"0,98335","-1,120246078","1,056835922","1,057874058","0,00103813582","0,0009813415995",,,
"0,985125","-1,118138335","1,054847486","1,055885539","0,001038053853","0,0009831121032",,,
"0,9869","-1,116034557","1,05286279","1,053900759","0,001037968523","0,0009848826038",,,
"0,988675","-1,113934738","1,050881829","1,051919708","0,001037879843","0,0009866531012",,,
"0,99045","-1,11183887","1,048904594","1,049942382","0,001037787825","0,0009884235955",,,
"0,992225","-1,109746945","1,04693108","1,047968773","0,001037692482","0,0009901940867",,,
"0,994","-1,107658956","1,04496128","1,045998873","0,001037593828","0,0009919645747",,,
"0,995775","-1,105574896","1,042995185","1,044032677","0,001037491874","0,0009937350596",,,
"0,99755","-1,103494757","1,04103279","1,042070176","0,001037386635","0,0009955055413",,,
"0,999325","-1,101418532","1,039074086","1,040111364","0,001037278122","0,0009972760199",,,
"1,0011","-1,099346213","1,037119068","1,038156235","0,001037166348","0,0009990464954",,,